{"actor_loss": 3.0833945274353027, "_timestamp": 1712822987.7846618, "_runtime": 7.97450065612793, "_step": 137}