{"actor_loss": 7.060483932495117, "_timestamp": 1712820550.5625463, "_runtime": 17.25242519378662, "_step": 590}