{"actor_loss": 1.4648700952529907, "_timestamp": 1712574683.4502044, "_runtime": 135.67377829551697, "_step": 121}