{"actor_loss": 0.0012061471352353692, "_timestamp": 1712723562.3732946, "_runtime": 38.68448567390442, "_step": 1}