{"actor_loss": 0.0013154434273019433, "_timestamp": 1712724374.3967228, "_runtime": 97.84479284286499, "_step": 1}