{"actor_loss": 0.8160076141357422, "_timestamp": 1712827112.446365, "_runtime": 6.443247079849243, "_step": 223, "_wandb": {"runtime": 5}}