{"actor_loss": 0.0, "_timestamp": 1712717182.4028022, "_runtime": 30.931798219680786, "_step": 25}