{"actor_loss": 4.413039684295654, "_timestamp": 1712576702.8551588, "_runtime": 44.28878974914551, "_step": 9}