{"actor_loss": 4.098274230957031, "_timestamp": 1712574934.0177922, "_runtime": 16.958385229110718, "_step": 9}