{"actor_loss": 1.6645965576171875, "_timestamp": 1712820269.3538268, "_runtime": 10.286498785018921, "_step": 241}