{"actor_loss": 1.5925052165985107, "_timestamp": 1712724629.4756851, "_runtime": 25.27464509010315, "_step": 0}