{"actor_loss": 2.4418134689331055, "_timestamp": 1712579057.468813, "_runtime": 29.864032983779907, "_step": 16}