{"actor_loss": 1.3119637966156006, "_timestamp": 1712808035.4347162, "_runtime": 71.67717933654785, "_step": 119}