{"actor_loss": 3.194758028257638e-05, "_timestamp": 1712725914.5706737, "_runtime": 160.39247679710388, "_step": 2}