{"actor_loss": 2.5040690898895264, "_timestamp": 1712575883.254649, "_runtime": 15.22652792930603, "_step": 8}