{"actor_loss": 1.60868501663208, "_timestamp": 1712574470.7596502, "_runtime": 6.0791332721710205, "_step": 0}