{"actor_loss": 7.947285496356926e-08, "_timestamp": 1712575822.5663447, "_runtime": 198.02121567726135, "_step": 166}