{"actor_loss": 1.4316072463989258, "_timestamp": 1712827077.1542292, "_runtime": 59.678213119506836, "_step": 124}