{"actor_loss": 0.9861764311790466, "_timestamp": 1712728840.3655903, "_runtime": 51.27606439590454, "_step": 2}