{"actor_loss": 5.641823768615723, "_timestamp": 1712576511.6358392, "_runtime": 13.762842178344727, "_step": 1}