{"actor_loss": 1.6398547887802124, "_timestamp": 1712572672.9536462, "_runtime": 5.896146297454834, "_step": 0}