{"actor_loss": 2.9761884212493896, "_timestamp": 1712808419.7682686, "_runtime": 54.86846852302551, "_step": 5, "_wandb": {"runtime": 55}}