{"actor_loss": 3.3746533393859863, "_timestamp": 1712575168.2457724, "_runtime": 18.504875421524048, "_step": 11}