{"actor_loss": 1.1514196395874023, "_timestamp": 1712576438.201267, "_runtime": 30.66572093963623, "_step": 21}