{"actor_loss": 3.286877393722534, "_timestamp": 1712824596.5748293, "_runtime": 6.650916337966919, "_step": 169, "_wandb": {"runtime": 5}}