{"actor_loss": 1.4245598316192627, "_timestamp": 1712572750.9822612, "_runtime": 25.205172061920166, "_step": 18}