{"actor_loss": 1.2614312171936035, "_timestamp": 1712808110.621908, "_runtime": 42.08969187736511, "_step": 59}