{"actor_loss": 2.391007900238037, "_timestamp": 1712717124.6432478, "_runtime": 510.71510577201843, "_step": 599}