{"actor_loss": 2.2209534645080566, "_timestamp": 1712822896.1732335, "_runtime": 10.574432611465454, "_step": 240}