{"actor_loss": 1.644087553024292, "_timestamp": 1712726189.2632558, "_runtime": 28.602701902389526, "_step": 0}