{"actor_loss": 1.1863092184066772, "_timestamp": 1712808659.3787203, "_runtime": 74.22247123718262, "_step": 239, "_wandb": {"runtime": 74}}