{"actor_loss": 5.482477188110352, "_timestamp": 1712827707.9700012, "_runtime": 5.069138288497925, "_step": 122, "_wandb": {"runtime": 3}}