{"actor_loss": 1.4696968793869019, "_timestamp": 1712822370.0660334, "_runtime": 7.352752447128296, "_step": 81}