{"actor_loss": 1.9618377685546875, "_timestamp": 1712808263.089225, "_runtime": 11.013134956359863, "_step": 5, "_wandb": {"runtime": 12}}